Beverage,Brandy
Beverage,Coffee
Beverage,Coffee Powder
Beverage,Cola
Beverage,Fruit Juice
Beverage,Jin
Beverage,Juice
Beverage,Rum
Beverage,Tea
Beverage,Tea Powder
Beverage,Vodka
Beverage,Water
Beverage,Wine
Beverage,Whisky
Beverage,Soft Drink
Beverage,Soda
Beverage,Cocacola
Beverage,Pepsi
Beverage,Sprite
Beverage,Maza
Beverage,Paper Boat
Beverage,Thumbs up
Beverage,Monster
Beverage,Red Bull
Beverage,7 Up
Beverage,Mirinda
Beverage,Glucon D
Beverage,Tang
Beverage,Slice
Beverage,Frooty
Beverage,Fanta
Beverage,Mountain Dew
Beverage,Beer
Beverage,Breezer
Beverage,Mineral Water
Beverage,Water Bottle
Beverage,Horlicks
Beverage,BournVita
Beverage,Complan
Beverage,Boost
Beverage,Pedisure
Beverage,Ensure
Beverage,Badam Milk
Beverage,Tropicana
Beverage,Real
Beverage,Coconut water
Beverage,Soya Milk
Beverage,Pulpi Orange Juice
Beverage,Pulpi Grape Juice
Beverage,Nimbooz
Beverage,Tender coconut water
Beverage,Chocolate Milk
Beverage,Chocolate Drink
Beverage,Appy
Breads,Artisan Bread
Breads,Bread
Breads,Brown Bread
Breads,Bun
Breads,Burger Bun
Breads,Chicken Puffs
Breads,Chocolate Cake
Breads,Chocolate Donut
Breads,Croissant
Breads,Donut
Breads,Egg Puffs
Breads,Fruit Cake
Breads,Garlic Bread
Breads,Marble Cake
Breads,Milk Bread
Breads,Moon Fills
Breads,Muffins
Breads,Multi Grain Bread
Breads,Pastry
Breads,Pav
Breads,Pita Bread
Breads,Pizza Base
Breads,Plum Cake
Breads,Puffs
Breads,Sandwich Bread
Breads,Sweet Bun
Breads,Tea Cake
Breads,Vegetable Puffs
Breads,Wheat Bread
Dairy,Butter
Dairy,ButterMilk
Dairy,Cheese
Dairy,Condensed Milk
Dairy,Cream
Dairy,Curd
Dairy,Lassi
Dairy,Milk
Dairy,Milk Powder
Dairy,Milk Shake
Dairy,Paneer
Dairy,Skimmed Milk
Dairy,Toned Milk
DalPulse,Arhar
DalPulse,Bajra
DalPulse,Bajra Wild
DalPulse,Barnyard Millet
DalPulse,Bellar
DalPulse,Bellar Dal
DalPulse,Bengal Gram
DalPulse,Brown Chana
DalPulse,BuckWheat
DalPulse,Chana
DalPulse,CousCous
DalPulse,Finger Millet
DalPulse,Fried Gram
DalPulse,Gram
DalPulse,Green Moong
DalPulse,Green Peas
DalPulse,Ground nut
DalPulse,Harissa
DalPulse,Horse Gram
DalPulse,Jowar
DalPulse,Kabuli Chana
DalPulse,Kadala
DalPulse,Kappalandi
DalPulse,Kashmiri Rajma
DalPulse,Kodo
DalPulse,Kodo Millet
DalPulse,Kulthi
DalPulse,Little Millet
DalPulse,Lobia
DalPulse,Lobia white
DalPulse,Masoor
DalPulse,Masoor Dal
DalPulse,Matar
DalPulse,Matki
DalPulse,Millet
DalPulse,Moong
DalPulse,Moong Dal
DalPulse,Moth
DalPulse,Pearl Millet
DalPulse,Popcorn seeds
DalPulse,Quinoa
DalPulse,Ragi
DalPulse,Rajma
DalPulse,Rajma Chitra
DalPulse,Rajma Red
DalPulse,Red Lobia
DalPulse,Soya
DalPulse,Toor
DalPulse,Toor Dal
DalPulse,Tur
DalPulse,Urad
DalPulse,Urad Dal
DalPulse,Varagu
Desserts,Chocobar
Desserts,Corneto
Desserts,Cream cone
Desserts,Ice cream
Desserts,Kulfi
Dry Fruit,Abjosh
Dry Fruit,Akhrot
Dry Fruit,Almond
Dry Fruit,Anardana
Dry Fruit,Anjeer
Dry Fruit,Apricot
Dry Fruit,Apricots
Dry Fruit,Badam
Dry Fruit,Brazilian Nuts
Dry Fruit,Cashew
Dry Fruit,Chia Seeds
Dry Fruit,Dates
Dry Fruit,Dates Deseeded
Dry Fruit,Dates Syrup
Dry Fruit,Dried Blueberries
Dry Fruit,Dried Cranberries
Dry Fruit,Dried Goji Berries
Dry Fruit,Dried Kiwi
Dry Fruit,Dried Pineapple
Dry Fruit,Dry Grape
Dry Fruit,Figs
Dry Fruit,Flax Seeds
Dry Fruit,Green Pumpkin Seeds
Dry Fruit,Hazelnut
Dry Fruit,Kaju
Dry Fruit,Kasuvandi
Dry Fruit,Khumani
Dry Fruit,Kismis
Dry Fruit,Mix Dry Fruits
Dry Fruit,Munakka
Dry Fruit,Nuts
Dry Fruit,Pista
Dry Fruit,Raisins
Dry Fruit,Sabja Seeds
Dry Fruit,Seasme Seeds
Dry Fruit,Sunflower Seeds
Dry Fruit,Tarbuj Seeds
Dry Fruit,Unakka Munthiri
Dry Fruit,Walnut
Dry Fruit,Watermelon Seeds
Flours,Appam Podi
Flours,Atta
Flours,Bansi Sooji
Flours,Besan
Flours,Broken Wheat
Flours,Chemba Puttu Podi
Flours,Chiroti Sooji
Flours,Corn Flour
Flours,Idli Sooji
Flours,Jowar Flour
Flours,Maida
Flours,Mutligrain Atta
Flours,Nachni Atta
Flours,Puttu Podi
Flours,Ragi Dosa Mix
Flours,Ragi Flour
Flours,Rava
Flours,Rice Flour
Flours,Roasted Sooji
Flours,Samba Wheat
Flours,Samba Wheat Broken
Flours,Sharbati Atta
Flours,Sooji
Flours,Sprouted Ragi
Flours,Wheat Daliya
Flours,Wheat Puttu Podi
Flowers,Chrysanthemums
Flowers,Flowers
Flowers,Jasmine
Flowers,Lotus
Flowers,Marigold
Flowers,Rajnigandha
Flowers,Roses
Fruits,Apple
Fruits,Avocado
Fruits,Banana
Fruits,Chikku
Fruits,Dragon Fruit
Fruits,Fruits
Fruits,Grapes
Fruits,Grapes green
Fruits,Green Apple
Fruits,Guava
Fruits,Kadali
Fruits,Kiwi
Fruits,Mango
Fruits,Mosambi
Fruits,Muskmelon
Fruits,Nendran
Fruits,Orange
Fruits,Papaya
Fruits,Pazham
Fruits,Pear
Fruits,Pineapple
Fruits,Plum
Fruits,Pomegranate
Fruits,Robusta
Fruits,Sapota
Fruits,Sugarcane
Fruits,Sweet Tamarind
Fruits,Tender Coconut
Fruits,Watermelon
Grains,Aval
Grains,Avalakki
Grains,Basmati Rice
Grains,Bhog Rice
Grains,Boiled Rice
Grains,Boiled Sona Masoori
Grains,Brown Rice
Grains,Bullet Rice
Grains,Chivda
Grains,Dosa Rice
Grains,Gobind Bhog Rice
Grains,Idli Rice
Grains,Jaya Rice
Grains,Jeera Rice
Grains,Jeeraga Samba Rice
Grains,Kerala Red Rice
Grains,Kerala Rice
Grains,Kerala White Rice
Grains,Kolam Rice
Grains,Matta Rice
Grains,Organic Brown Rice
Grains,Palakkadan Matta Rice
Grains,Poha
Grains,Ponni Rice
Grains,Raw Sona Masoori
Grains,Rice
Grains,Sabudana
Grains,Sona Masoori
Grains,Surti Kolam Rice
Grains,Thick Poha
Grains,Vadi Matta Rice
Grains,Wheat
Grains,Oats
Masala,Ajwain
Masala,Amchoor
Masala,Amchoor Powder
Masala,Ananas Flower
Masala,Asafoetida
Masala,Asafoetida Powder
Masala,Bay Leaf
Masala,Biriyani Masala
Masala,Bisibelebath Powder
Masala,Black Pepper
Masala,Black Salt
Masala,Cardamom
Masala,Chat Masala
Masala,Chikken Masala
Masala,Chilli Powder
Masala,Cinnamon
Masala,Cinnamon Powder
Masala,Coconut Powder
Masala,Cooking Soda
Masala,Coriander
Masala,Coriander Powder
Masala,Cumin
Masala,Dalchini
Masala,Dhania
Masala,Elachi
Masala,Elakka
Masala,Fennel
Masala,Fenugreek
Masala,Garam Masala
Masala,Ginger Garlic Paste
Masala,Hing
Masala,Hyderabadi Biriyan Masala
Masala,Imli
Masala,Irachi Masala
Masala,Javitri
Masala,Jayaphal
Masala,Jeera
Masala,Kala Namak
Masala,Kalonji
Masala,Karuvappatta
Masala,Kashmiri Chilli Powder
Masala,Kasoori Methi
Masala,Kesar
Masala,Khus Khus
Masala,Lemon Rice Powder
Masala,Mace
Masala,Mace Whole
Masala,Makhana
Masala,Manjal
Masala,Manjal podi
Masala,Masala,Masala
Masala,Methi
Masala,Mustard
Masala,Mutton Masala
Masala,Nutmeg
Masala,Oregano
Masala,Pav Bhaji Masala
Masala,Pepper
Masala,Perum Jeerakam
Masala,Phool Makhana
Masala,Piri Piri, Multipurpose Spice Mix
Masala,Posta Dana
Masala,Puliogare Powder
Masala,Rai
Masala,Rasam Powder
Masala,Red Chilli
Masala,Sabji Masala
Masala,Saffron
Masala,Sambar Powder
Masala,Saunf
Masala,Spice Mix
Masala,Star Anise
Masala,Star Flower
Masala,Tamarind
Masala,Tej Patta
Masala,Til
Masala,Til White
Masala,Till White
Masala,Tomato Rice Powder
Masala,Turmeric
Masala,Turmeric Powder
Masala,Uluva
Masala,Vangibath Powder
Masala,Vayana ila
Masala,Vegetable Masala
NonVeg,Beef
NonVeg,Chicken
NonVeg,Duck
NonVeg,Egg
NonVeg,Fish
NonVeg,Irachi
NonVeg,Konju
NonVeg,Kozhi
NonVeg,Lamb
NonVeg,Meat
NonVeg,Meen
NonVeg,Mutton
NonVeg,Prawns
NonVeg,Rabbit
Oil,Coconut Oil
Oil,Cow Ghee
Oil,Enna
Oil,Ghee
Oil,Gingelly Oil
Oil,Groundnut Oil
Oil,Hydrogenated Vegetable Oil
Oil,Mustard Oil
Oil,Olive Oil
Oil,Olive Pomace Oil
Oil,Palm Oil
Oil,Pancha Thyla
Oil,Plamolien Oil
Oil,Pooja Oil
Oil,Refined Sunflower Oil
Oil,Rice Bran
Oil,Rice Bran Oil
Oil,Saflower Oil
Oil,Seasme Oil
Oil,Soyabean Oil
Oil,Sunflower
Oil,Sunflower oil
Oil,Vanaspathi
Oil,Vegetable Oil
Oil,Velichenna
Oil,Vilakkenna
Oil,Virgin Coconut Oil
SnackAndBranded,Noodles
SnackAndBranded,Popcorn
SnackAndBranded,Soup
SnackAndBranded,Maggi
SnackAndBranded,Yippee
SnackAndBranded,Top Ramen
SnackAndBranded,Knor
SnackAndBranded,Atta Noodles
SnackAndBranded,Instant Noodles
SnackAndBranded,Oats Noodles
SnackAndBranded,Vermicelli
SnackAndBranded,Payasam Mix
SnackAndBranded,Vermicelli Payasam Mix
SnackAndBranded,Vermicelly Gheer Mix
SnackAndBranded,Gheer Mix
SnackAndBranded,Masala Oats
SnackAndBranded,Macaroni Elbow
SnackAndBranded,Macaroni
SnackAndBranded,Cup Noodles
SnackAndBranded,Hakka Noodles
SnackAndBranded,Vermicelly Roasted
SnackAndBranded,Soupy Noodles
SnackAndBranded,Pasta
SnackAndBranded,Pasta Penne
SnackAndBranded,Pasta Elbow
SnackAndBranded,Chocos
SnackAndBranded,Museli
SnackAndBranded,Corn Flakes
SnackAndBranded,Oat Flakes
SnackAndBranded,Ragi Bites
SnackAndBranded,Tomato Ketchup
SnackAndBranded,Ketchup
SnackAndBranded,Jam
SnackAndBranded,Fruit Jam
SnackAndBranded,Mixed Fruit Jam
SnackAndBranded,Honey
SnackAndBranded,Chilly Sauce
SnackAndBranded,Vinegar
SnackAndBranded,Apple cider Vinegar
SnackAndBranded,Synthetic Vinegar
SnackAndBranded,Soy Sauce
SnackAndBranded,Peanut Butter
SnackAndBranded,Green Chilly Sauce
SnackAndBranded,Mayyonaise
SnackAndBranded,Potato Chips
SnackAndBranded,Soya Sticks
SnackAndBranded,Namkeen
SnackAndBranded,Namkeen Moong Dal
SnackAndBranded,Butter Murukku
SnackAndBranded,Murukku
SnackAndBranded,Achappam
SnackAndBranded,Laddu
SnackAndBranded,Mixture
SnackAndBranded,Instant Popcorn
SnackAndBranded,Popcorn
SnackAndBranded,Aloo Bhujia
SnackAndBranded,Mad Angles
SnackAndBranded,Kurkure
SnackAndBranded,Lays
SnackAndBranded,Peanhut Salted
SnackAndBranded,Peanut Namkeen
SnackAndBranded,Banana Chipps
SnackAndBranded,Upperi
SnackAndBranded,Chakka Upperi
SnackAndBranded,jackfruit chips
SnackAndBranded,Biscuit
SnackAndBranded,Chikki
SnackAndBranded,Kappalandi Muttai
SnackAndBranded,Salty Biscuit
SnackAndBranded,Choloate Bisuit
SnackAndBranded,Cream Biscuit
SnackAndBranded,Seasme Ball
SnackAndBranded,Ellunda
SnackAndBranded,Rusk
SnackAndBranded,Inji Muttai
SnackAndBranded,Lollipop
SnackAndBranded,Ribbon Pakoda
SnackAndBranded,Pakkavada
SnackAndBranded,Neyyappam
SnackAndBranded,Unniyappam
SnackAndBranded,Roasted GroundNut
SnackAndBranded,Onion Rings Chips
SnackAndBranded,Navaratna Mixture
SnackAndBranded,Idli Batter
SnackAndBranded,Dosa Batter
SnackAndBranded,Idli Mix
SnackAndBranded,Breakfast Mix
SnackAndBranded,Pappadam
SnackAndBranded,Appam Mix
SnackAndBranded,Pan cake Mix
SnackAndBranded,Papad
SnackAndBranded,Gulab Jamun
SnackAndBranded,Dosa Mix
SnackAndBranded,Idli Mix
SnackAndBranded,Upma Mix
SnackAndBranded,Rasgulla
SnackAndBranded,Rava Dosa Mix
SnackAndBranded,Rava Idli Mix
SnackAndBranded,Chuteny Powder
SnackAndBranded,Wheat Chapati
SnackAndBranded,Chapati
SnackAndBranded,Poreotta
SnackAndBranded,Kerala Porotta
SnackAndBranded,Ready to eat
SnackAndBranded,Dairy Milk
SnackAndBranded,Kitcat
SnackAndBranded,Snickers
SnackAndBranded,Munch
SnackAndBranded,Perk
SnackAndBranded,Chocolate
SnackAndBranded,Chikki
SnackAndBranded,Gems
SnackAndBranded,Popins
SnackAndBranded,Pickle
SnackAndBranded,Lemon Pickle
SnackAndBranded,Mango Pickle
SnackAndBranded,Chilly Pickle
SnackAndBranded,Garlic Pickle
SnackAndBranded,Fish Pickle
SnackAndBranded,Chutney Powder
SnackAndBranded,Gongura Pickle
SnackAndBranded,Ginger Garlic paste
SnackAndBranded,Prawn Pickle
SnackAndBranded,Amla Candy
SnackAndBranded,Jackfruit Pickle
SnackAndBranded,Tomato Pickle
SnackAndBranded,Sona Papadi
SnackAndBranded,Til Chikki
Frozen,Frozen Veggies
Frozen,Frozen green peas
Frozen,Frozen Sweet Corn
Frozen,Frozen Potato Nuggets
Frozen,Frozen Chicken Nuggets
Frozen,Frozen Nuggets
Frozen,Frozen French Fries
Frozen,Frozen Aloo Tikki
Frozen,Frozen Burger Patti
Frozen,Frozen Cheesy Nuggets
Frozen,Frozen Sausages
Frozen,Frozen Smile Crispy
Frozen,Frozen Chicken Kabab
Frozen,Frozen Mixed Vegetables
Frozen,Frozen Samosa
SaltSugar,Brows Sugar
SaltSugar,Diamond Sugar
SaltSugar,Himalayan Pink Salt
SaltSugar,Iodised Salt
SaltSugar,Jaggeri
SaltSugar,Jaggeri powder
SaltSugar,Kalkandam
SaltSugar,Pink Salt
SaltSugar,Rock Salt
SaltSugar,Salt
SaltSugar,Salt Crystal
SaltSugar,Salt Sprinkle
SaltSugar,Sugar
SaltSugar,Sugar Candi
SaltSugar,Sweetner
Vegetable,Amaranthus
Vegetable,Amrutha Balli
Vegetable,Arugula
Vegetable,Ash Gourd
Vegetable,Asparagus
Vegetable,Banana
Vegetable,Banana Leaf
Vegetable,Banana Stem
Vegetable,Banana flower
Vegetable,Basale Leaf
Vegetable,Beans
Vegetable,Beetroot
Vegetable,Betel Leaf
Vegetable,Bitter Gourd
Vegetable,Brinjal
Vegetable,Broad Beans
Vegetable,Broccoli
Vegetable,Cabbage
Vegetable,Capsicum
Vegetable,Carrot
Vegetable,Cauliflower
Vegetable,Celery
Vegetable,Channa Brown
Vegetable,Chilli
Vegetable,Chow Chow
Vegetable,Cluster Beans
Vegetable,Coccinia
Vegetable,Coconut
Vegetable,Colocasia
Vegetable,Coriander Leaves
Vegetable,Cowpea Beans
Vegetable,Cucumber
Vegetable,Curry Leaves
Vegetable,Dill Leaves
Vegetable,Drumstick
Vegetable,Fennel
Vegetable,Flower
Vegetable,Garlic
Vegetable,Ginger
Vegetable,Gourd
Vegetable,Gram
Vegetable,Green Chilli
Vegetable,Green Peas Fresh
Vegetable,Groundnut Fresh
Vegetable,Kappa
Vegetable,Knol Khol
Vegetable,Ladies Finger
Vegetable,Leaf
Vegetable,Leeks
Vegetable,Lemon
Vegetable,Lemon grass
Vegetable,Lettuce
Vegetable,Methi
Vegetable,Mint Leaves
Vegetable,Moringa
Vegetable,Mushrooms
Vegetable,Neem Giloy
Vegetable,Onion
Vegetable,Oregano
Vegetable,Pak Choi
Vegetable,Palak
Vegetable,Papaya raw
Vegetable,Parsley Leaves
Vegetable,Parwal
Vegetable,Potato
Vegetable,Pumpkin
Vegetable,Radish
Vegetable,Radish - White
Vegetable,Raw Banana
Vegetable,Ridge Gourd
Vegetable,Rocket
Vegetable,Rosemary
Vegetable,Sambhar Onion
Vegetable,Snake Gourd
Vegetable,Spinach
Vegetable,Spring Onion
Vegetable,Sprouts
Vegetable,Sweet Corn
Vegetable,Sweet Potato
Vegetable,Tapioca
Vegetable,Tinda
Vegetable,Tomato
Vegetable,Vegetable
Vegetable,Yam
Vegetable,Zucchini
Vegetable,Jack Fruit
HouseHold,Harpic
HouseHold,Lyzol
HouseHold,Closet Cleaner
HouseHold,Floor Cleaner
HouseHold,Dish wash Gel
HouseHold,Dish wash Bar
HouseHold,Surface Cleaner
HouseHold,Glass Cleaner
HouseHold,Garbage Bags
HouseHold,Detergent Powder
HouseHold,Surf Excel
HouseHold,Arial
HouseHold,Rin
HouseHold,Tide
HouseHold,Ujala Detergent Powder
HouseHold,Ujala
HouseHold,Bathroom Cleaner
HouseHold,Mosquito Repellent
HouseHold,Hit
HouseHold,Good night
HouseHold,Detergent Liquid
HouseHold,Mop
HouseHold,Spin Mop
HouseHold,Kitchen Towel
HouseHold,Cleaning Towel
HouseHold,Table Cover
HouseHold,Naphthalene
HouseHold,Kitchen Cloth
HouseHold,Napkins
HouseHold,Sponge Wipe
HouseHold,Broom
HouseHold,Grass Broom
HouseHold,Toilet Tissue
HouseHold,Jhadu
HouseHold,Floor Mop
HouseHold,Car Freshener
HouseHold,Air Freshener
HouseHold,Aluminium Foil
HouseHold,Aluminium Foil Plate
HouseHold,Paper Plate
HouseHold,Organic Plate
HouseHold,Paper Cup
HouseHold,Scrubber
HouseHold,Matchbox
HouseHold,Insect Repellent
HouseHold,Wet Wipe
HouseHold,Pocket Tissue
HouseHold,DustPan
HouseHold,Kitchen Wiper
HouseHold,Kitchen Gloves
HouseHold,Candles
HouseHold,Agarbatti
HouseHold,Lamp Wicks
HouseHold,Vlakku thiri
HouseHold,Theeppetti
HouseHold,Camphor
HouseHold,Sandal
HouseHold,Sandal Powder
HouseHold,Dust Bin
HouseHold,Bucket
HouseHold,Mug
HouseHold,Waste Segregation Kit
HouseHold,Basket
HouseHold,Plastic Basket
HouseHold,Photo Frame
HouseHold,Hanger
HouseHold,Clips
HouseHold,Bathroom Stool
HouseHold,Stool
HouseHold,Chair
HouseHold,Chair Cover
HouseHold,Cloth Rope
HouseHold,Laundry Basket
HouseHold,Bottle Brush
HouseHold,Masala Box
HouseHold,Party Cup
HouseHold,Party Plates
HouseHold,Wooden Spoon
HouseHold,Wooden Fork
HouseHold,Wooden Knife
HouseHold,Shine Sponge
HouseHold,Air Freshener Gel
HouseHold,Car Freshener
HouseHold,Shoe Polish
HouseHold,Car Brush
HouseHold,Instant Polish
HouseHold,Protectant Spray
HouseHold,Fabric Conditioner
Stationery, Drawing Book
Stationery,Book
Stationery,Story Book
Stationery,Alphabet Book
Stationery,Number Book
Stationery,Adhesive
Stationery,Pasa
Stationery,Fevicol
Stationery,Fevikwik
Stationery,Note Book
Stationery,Pencils
Stationery,Color Pencils
Stationery,Sketch Pen
Stationery,Marker
Stationery,Permanent Marker
Stationery,Pencil Cutter
Stationery,Eraser
Stationery,Instrument Box
Stationery,Crayons
Stationery,Slate
Stationery,Magic Slate
Stationery,Geometry Box
Stationery,Fevistik
Stationery,Super Glue
Stationery,Glue
Stationery,Fevibond
Stationery,Note Book Lined
Stationery,Rubber Bands
Stationery,Insulation Tape
Stationery,Acrylic Colors
Stationery,Pen
Stationery,Refill
Stationery,Alarm Clock
Stationery,Clock
Stationery,Stapler
Stationery,Scissors
BeautyAndHygiene,Dettol
BeautyAndHygiene,Hand Wash
BeautyAndHygiene,Hand Sanitizer
BeautyAndHygiene,Hand wash liquid Refill
BeautyAndHygiene,Bathing Soap
BeautyAndHygiene,Soap
BeautyAndHygiene,Dove
BeautyAndHygiene,Lux
BeautyAndHygiene,Rexona
BeautyAndHygiene,Lyril
BeautyAndHygiene,Mysore Sanal
BeautyAndHygiene,Hamam
BeautyAndHygiene,Margo
BeautyAndHygiene,Chandrika
BeautyAndHygiene,Cynthol
BeautyAndHygiene,Camy
BeautyAndHygiene,Patanjali Soap
BeautyAndHygiene,Parachute coconut Oil
BeautyAndHygiene,Coconut Hair Oil
BeautyAndHygiene,Sanitary Pads
BeautyAndHygiene,Pears
BeautyAndHygiene,Tooth Paste
BeautyAndHygiene,Colgate
BeautyAndHygiene,Close Up
BeautyAndHygiene,Pepsodent
BeautyAndHygiene,Sensodine
BeautyAndHygiene,Mouth Wash
BeautyAndHygiene,Mask
BeautyAndHygiene,Face Mask
BeautyAndHygiene,Dabur Tooth Paste
BeautyAndHygiene,Medimix
BeautyAndHygiene,Chyavanprash
BeautyAndHygiene,Shampoo
BeautyAndHygiene,Pantene
BeautyAndHygiene,All Clear
BeautyAndHygiene,Himalaya Shampoo
BeautyAndHygiene,Body Lotion
BeautyAndHygiene,Face Wash
BeautyAndHygiene,Moisturiser
BeautyAndHygiene,Nivea
BeautyAndHygiene,Himalaya Moisturiser
BeautyAndHygiene,Lacto Calamine
BeautyAndHygiene,Waxing Strip
BeautyAndHygiene,Sunsilk Shampoo
BeautyAndHygiene,Hair Removal Razor
BeautyAndHygiene,Trimmer
BeautyAndHygiene,Razor
BeautyAndHygiene,Razor Blade
BeautyAndHygiene,Blade
BeautyAndHygiene,Finger Gloves
BeautyAndHygiene,Rose Water
BeautyAndHygiene,Ayurvedic Toothpaste
BeautyAndHygiene,Tooth Brush
BeautyAndHygiene,OralB Brush
BeautyAndHygiene,Band Aid
BeautyAndHygiene,BodyWash
BeautyAndHygiene,Liquid Soap
BeautyAndHygiene,Shower Gel
BeautyAndHygiene,Lifebuoy
BeautyAndHygiene,Lifebuoy Plus
BeautyAndHygiene,Cotton Buds
BeautyAndHygiene,Vaseline
BeautyAndHygiene,Kids Brush
BeautyAndHygiene,Talc Powder
BeautyAndHygiene,Powder
BeautyAndHygiene,Shaving Blades
BeautyAndHygiene,Shaving Gel
BeautyAndHygiene,Shaving Cream
BeautyAndHygiene,After Shave Lotion
BeautyAndHygiene,After Shave
BeautyAndHygiene,Fair & Handsome
BeautyAndHygiene,Deodorant
BeautyAndHygiene,Talc
BeautyAndHygiene,Hair Removal Cream
BeautyAndHygiene,After Bath Gel
BeautyAndHygiene,Hair Cream
BeautyAndHygiene,Conditioner
BeautyAndHygiene,Wipes
BeautyAndHygiene,Wet Wipes
BeautyAndHygiene,Intimate Wipes
BeautyAndHygiene,Tongue Cleaner
BeautyAndHygiene,Nail Polish
BeautyAndHygiene,Nail Cutter
BeautyAndHygiene,Nail Color Remover
BeautyAndHygiene,Kajal
BeautyAndHygiene,Bindi
BeautyAndHygiene,Eye Liner
BeautyAndHygiene,Nail Polish Remover
BeautyAndHygiene,Pen Liner
BeautyAndHygiene,Lipstick
BeautyAndHygiene,Lip Balm
BeautyAndHygiene,Foundation
BeautyAndHygiene,Cleansing Water
BeautyAndHygiene,Nail Enamel
BeautyAndHygiene,Makeup Cleanser
BeautyAndHygiene,Mirror
BeautyAndHygiene,Compact Mirror
BeautyAndHygiene,Pedicure File
BeautyAndHygiene,Fair and Lovely
BeautyAndHygiene,Fairness Cream
BabyCare,Baby Food
BabyCare,NAN
BabyCare,Cerelac
BabyCare,Similac
BabyCare,Pampers
BabyCare,Snugges
BabyCare,Momy Poco Pants
BabyCare,Baby Soap
BabyCare,Baby Shampoo
BabyCare,Diaper Small
BabyCare,Diaper Medium
BabyCare,Diaper Large
BabyCare,Diaper XL
BabyCare,Diaper XXL
BabyCare,Baby Wipes
BabyCare,Baby Wet Wipes
BabyCare,Lactogen
BabyCare,Baby Powder
BabyCare,Huggies
BabyCare,Baby Cotton Pads
BabyCare,Baby Cream
BabyCare,Toys
BabyCare,Organic Baby Food
BabyCare,Fabric Conditioner For Baby
BabyCare,Breast Pads for mothers
BabyCare,Stretch Marks Oil
BabyCare,Sipper Cup
BabyCare,Feeding Bottle
BabyCare,Nipple
BabyCare,Soft Silicon Spoon
BabyCare,Weaning Bottle
BabyCare,Babies Bib
BabyCare,Infant Nail Scissors
